BMR,activity_factor,age,calorie_needs
1948.8135039273247,1.733592243703042,61,3227.3353846146088
2115.1893663724195,1.209057326090484,33,2475.8700697642766
2002.763376071644,1.6282435762715006,39,3248.2037039336724
1944.8831829968967,1.8378933518469438,54,3561.6984814021607
1823.6547993389047,1.2395778888216815,67,2069.1228222752393
2045.8941130666562,1.9915693347213572,62,3884.5265443050293
1837.5872112626926,1.6680732749721057,30,2941.761342658752
2291.7730007820796,1.2275949434931461,66,2825.0685967028217
2363.6627605010294,1.4019722507287562,52,3105.7544661347497
1783.4415188257776,2.0583081267845817,23,3606.6101212730546
2191.7250380826645,1.7240877597468498,38,3847.4287514480498
1928.8949197529046,1.2967253109919241,49,2705.0975944098386
1968.0445610939323,1.4587900520525054,52,2812.0872717834777
2325.596638292661,1.6110332632744357,41,3474.790283388121
1471.0360581978869,1.2188550623409573,37,1714.0320235198665
1487.1292997015407,1.570453962252383,39,2360.8380965290708
1420.2183974403258,1.6405127718912285,65,2347.1392658817144
2232.619845547938,1.419310087753109,24,3268.481797917137
2178.1567509498504,1.729775100262788,22,3822.6272690294304
2270.0121482468194,1.8779161076329594,27,4285.716512359539
2378.618342232764,1.412250801695072,42,3298.4502961935414
2199.158564216724,1.758449910251989,65,3887.3032143160176
1861.4793622529319,1.7756600186673674,50,3318.6750159238813
2180.5291762864554,2.053686271015957,28,4396.826416656337
1518.2744258689331,1.9004485505667996,44,2909.984407728308
2039.9210213275237,1.9635107428110055,45,3999.425363386425
1543.3532874090465,1.6413779175926477,34,2633.109204078173
2344.668917049584,1.3668137282814445,52,3217.628640245254
1921.8483217500716,2.0962337636636716,40,4103.915084795734
1814.6619399905235,1.3164201849348296,46,2380.617509622973
1664.555612104627,1.624311587418839,46,2699.7271652326062
2174.2336894342166,1.2612837893178959,67,2802.621655794821
1856.1503322165486,2.0494657716157376,32,3881.727037170909
1968.4339488686485,2.0684324467635955,55,3945.4809548311623
1418.789800436355,1.8474501558035763,43,2466.587296762366
2017.635497075877,1.514993559267152,23,2943.723940864713
2012.0957227224214,1.428944161005862,20,2765.117043265784
2016.9339968747568,1.4387729920833427,53,2724.2227260059367
2343.748078514624,1.3145646228780672,29,2956.677549207502
2081.820299103483,1.6732280577690506,69,3465.042335861918
1759.507900573786,1.3276355481313298,31,2427.6005640420994
1837.0319537993414,1.4850575998981106,53,2775.5687782080336
2097.631195927265,1.7640358283631943,49,3645.8833735344865
1460.2254716292698,1.854789248631675,48,2866.945938758061
2066.7667154456676,1.221845434159855,23,2577.180926618502
2070.637869618159,1.5871043859390659,47,3204.497039884689
1610.3825610738409,1.7869121353579251,45,2877.902421579869
1528.9262976548532,1.9679213785426617,19,2942.090681573982
1715.4283509241839,1.6277923039908742,58,2777.7791752419657
1763.7107709426227,2.0722852845459165,44,3699.078079716733
1970.1967704178796,1.4390692927873026,46,2855.351722407576
1838.6015134623203,1.212157835964047,57,2239.4809710633804
2388.3738380592263,1.6353775782315627,57,3931.872643049035
1502.044810748028,1.4305024155180162,51,2057.321302142365
1608.8767560948347,1.9413459048208526,59,3094.3373288407856
1561.3095178849962,1.4094954049630009,65,2486.517313192295
2053.1083254653986,1.4795662964621756,63,2786.8952668222987
1653.2916025397822,1.9121046879172012,50,3188.6593130798638
1866.3107728563064,1.843628926822824,22,3407.519171153375
1644.4255920016028,1.7022461129915363,18,2757.410663308082
1558.9695836455198,1.8344532557304836,29,2978.2138546264905
1510.3751411643052,1.5767731772130238,69,2267.1989117807607
2056.3295894652733,1.204779042853201,53,2429.108408358239
1538.1829513486139,1.2102196156609732,22,1821.7393285440533
1596.5823616800535,1.660099608816318,44,2677.3754889010047
1768.725170660964,1.2749618817470993,33,2190.0521387775802
2220.9932298479353,1.2459679321523311,67,2800.1760632109954
1497.1012757930612,2.068964975223726,46,2892.2840839404203
2237.944907498804,1.9731023756922528,60,4243.623345692506
1496.098407893963,1.3368245044886125,34,2057.152566993352
2376.459465013396,1.200597796731184,24,2959.2001578281574
1868.6512016477016,2.0475010158507807,49,3843.4500586261693
2376.761088190337,1.4504927684881028,20,3490.6235643466243
2004.845519745046,1.3673078425699476,35,2758.2080576484123
2139.2635793983018,1.8223572970483817,68,3905.6680458647866
1439.1877922543206,1.2980133649571934,19,2037.5648693158746
1682.8069625764097,1.4381846382025203,50,2310.3976816289105
1520.196561213169,2.077585212190842,51,3021.1072538163567
1696.140197522145,1.7755164970266093,56,3013.01966508582
1518.727718954244,1.6686100123342982,22,2667.416644898257
1717.9831793939761,1.558126753351444,48,2690.6514579370673
1814.26299451467,1.8970508593957818,22,3442.3278494040383
1464.1474963487844,1.3268617288713243,33,2056.0295997716385
2092.4721193700198,2.070604021833284,39,4515.240353437031
1966.601454206575,1.9750107072592082,69,3853.457746808312
1665.3894909394453,1.7558912843123191,56,2953.1132194143634
1923.2480534666997,1.2386155713623024,28,2339.938514197551
1493.9405107584416,1.830770084502964,34,2800.09413767774
1975.9464955561793,2.021955906796933,20,4095.932274299294
2329.296197576214,1.6721193607307634,64,3776.5041302754903
1718.5689524513236,1.5188023396445365,64,2598.9841474836007
2067.4103799636814,1.3082496104815227,64,2691.4737303957872
1531.7978624043922,1.8794109937238115,50,2887.3609203011956
2116.3272041185655,1.9965196660906257,57,4256.733436248588
1689.4060929472012,1.2902265696682638,41,2222.526898230102
1583.1913620071168,1.883086099277108,19,2954.9376401027953
1986.5129348100832,1.2153544376331877,54,2316.7182786995036
1420.1075461874937,2.0703494262694977,43,2897.5934826190064
2228.940029217363,1.7535522185715866,26,4063.5823458775985
1404.6954761925472,1.6971951530924698,65,2429.2919452169012
2077.81653679623,1.466354850230035,45,2936.6635647442768
1670.0079731921649,2.0363625044128053,18,3409.0762256008866
2135.194022122595,1.4393150646031119,53,3004.3962539028003
2362.1885451174385,1.9453319518950254,44,4658.555018654902
1648.753143519958,2.086597811403419,65,3482.849872587732
1976.1573344178369,1.9050569809633253,60,3862.2962021139724
1992.041931271839,1.6670909283477886,40,3439.3620416225976
1972.2519057908735,1.2594668374665048,49,2653.7072596562234
1623.0816326406184,1.6251724102539657,19,2537.498944364252
2352.749011516985,1.5944303522745331,47,3781.8531253650885
1847.1253786176273,1.3825164370682956,21,2592.6978247098605
2246.408672471128,1.581228873042874,21,3540.9921980822896
2099.4792753175043,1.521982095672305,52,3204.2586411381003
1697.4369508551335,1.3473158350364836,54,2252.945448489045
2213.797819702477,1.5972367289992375,60,3599.1368604037907
1796.5057408469847,1.4365199606920402,64,2551.724402211705
2281.1031971111615,1.669856178614038,38,3774.694432803091
1981.2728726358587,1.2316440537445748,59,2533.4332460919286
2281.7353618548527,2.015608277808556,23,4657.443808353992
2092.531590077766,1.9347278749678705,42,3900.0677631824337
2125.2542798196405,1.6973231992594542,37,3715.201595089764
1901.3243819267022,1.966627724481519,55,3638.5833636848997
2356.083634723224,2.0661555664297206,21,4837.275597712742
2043.9901992296373,1.2994700646473945,37,2595.2587442972685
1823.8550485581798,1.7677486275688234,41,3366.631170993373
2006.3932141279242,2.098194600842093,66,4235.731110592857
1419.1931983093336,2.089100252400174,48,2961.7690613211294
1701.5748166745493,1.74299069306167,48,2986.1575769620144
2060.1735374926848,1.315218783405735,43,2817.383552863658
1690.077607210444,1.7248735478914754,25,2921.466945033919
2018.0154289988416,1.2018581720169794,60,2277.6445372093353
1828.768700945766,1.3790202012001735,30,2505.687590000264
1535.4740642224501,2.0605108436039643,22,3196.1072509218247
1698.2823259560307,1.4973965153425595,66,2597.7586968316605
1969.964910701265,1.7745510951992536,45,3472.1514706763487
1990.8727612481732,1.4527735451690185,30,2657.0903760279334
1974.3252488495787,2.053039698400431,65,4162.355983514663
2053.200819857134,1.8557028569545382,28,3666.4955315229035
2052.103270001689,1.4966860418232715,61,3099.070032138094
1831.418435433974,1.9125852790623337,64,3426.563139356398
2296.546595851063,1.297348972028704,28,2970.2573662822165
1767.5618700478965,1.5530870460589135,69,2746.0297274679024
1835.8649252656269,1.399096314958433,61,2537.562801014485
2291.9233550156723,1.8153538025484417,24,4274.647507702704
2206.193989046086,1.2922016535947374,25,3028.8051080855134
2103.888583540366,1.5573232490544067,18,3287.6743327752934
1500.2268873123012,1.4489847571882706,69,2260.8190451039322
2319.4826137446735,1.6557086273914239,52,3905.7724248468908
2114.2412995491113,1.514907912453491,50,3071.1844370943763
2398.8470065678666,1.83576951990031,41,4498.2291677550875
1549.4483046579937,1.2221193218762694,18,1992.7369908896003
2268.1260573682143,1.7705882291753168,25,4089.943989887508
1562.4929346763747,1.407514160724438,48,2252.6392202126444
2015.5595642838443,1.4418381258811643,36,2865.410230547616
1523.8199828494414,1.920230043225171,50,2767.9312543022857
2248.0082293222345,2.060011554582379,20,4625.369583524434
2207.318958725011,1.484895189024378,56,3310.860794755343
1969.1007386145934,1.9441247433321682,30,4006.1806103373897
1807.1832972259997,1.2935917541741098,18,2424.618902075012
1469.166995455138,1.7705834877066449,26,2571.0836892939205
2097.428773144564,1.875929069581427,21,4007.0198556989544
1853.5426826780688,1.340380135231011,31,2558.535323750513
2122.055599470348,1.5834021489026044,44,3301.6478347077596
2266.382325928629,2.0034364478240834,21,4541.423270323161
2375.5215050028855,1.293220617103535,56,3188.569179710745
2255.803342392611,1.2162867223813276,24,2763.190142104692
1411.7140841850019,1.7315268411431404,24,2614.7093212387636
1759.9780644783639,1.59197838647784,38,2806.954230269075
2129.990562424058,1.9188203239955124,20,4346.354867516861
1571.6296772614405,2.031109984383696,39,3073.868896934119
1921.0366062041294,1.4692382800894346,65,2812.5943452402107
1454.3379883392536,1.5495637054521947,64,2229.974402251604
1599.9965248964002,1.6376448776963834,36,2589.746545333953
1418.521794460614,1.7293363143917695,34,2516.560722167751
2193.697703357421,2.085468446713455,61,4797.358984904092
1623.92468806038,1.8275972257470463,51,2819.607499640678
1745.3516806969028,1.550593656611012,60,2629.4211754761036
2328.081293465591,1.4373909178054158,23,3427.4242915280893
2104.4144019235328,2.0501631465799117,47,4409.7560834806945
1431.838929531308,1.3219935897976558,33,1968.1468933213764
1564.6941564979127,1.8482392672542822,43,2881.1877181603763
2021.4784014997635,2.032855522763197,63,3981.0573872015616
1977.2285886041677,1.7981990278809947,42,3579.2402659350237
1637.8928213745087,1.580748996149509,54,2278.460153086132
2334.2139979247936,1.3790918459329355,18,3220.581591074193
2013.965955965896,1.5307277900267344,31,2886.847642762893
1935.6328030249583,1.8361846284781098,30,3583.8184363432165
1989.909976354571,1.7845808017577673,24,3447.9903884270625
2130.1220295167695,2.0351785499385224,67,4265.82503373576
1711.9449954796019,1.9801748222934374,67,3298.4278111622302
1798.221062216092,1.9345356770397317,21,3382.4013875923038
1609.8437489751223,2.020305787815686,50,3315.0765438466547
1586.1930058803362,1.4487034374633445,69,2249.227819078376
2344.3723899839333,1.5325711861256845,67,3568.021398135384
2139.5507950492874,1.5419045134074156,53,3156.38534742779
1890.458808617567,1.7044055298388021,31,3277.1456864089478
1627.4146279733231,1.801396406588494,29,2954.55442163066
1654.356481770393,1.4580450147363548,35,2507.9048390244125
1458.0291603238757,1.2175162205783703,22,1745.8344470684683
1834.4166255581208,1.5593001452921182,41,2818.6771467754384
1711.7958819941025,1.4776751635989605,65,2393.8270531072862
2096.3434888154598,2.047966247116243,28,4316.447383770634
1777.7518392924808,1.9994385364896392,56,3495.168072877764
1579.603677559635,1.9742796105090776,56,3144.9425039198823
1424.6787283913313,1.7876997848507188,66,2405.379701436155
1467.2496314632485,1.509860248229045,54,2161.472843009525
2079.3927734985673,1.6939643406593743,47,3490.866175652935
1853.6968445560453,1.9337025366447356,43,3610.182080850865
1936.5792111087221,1.2887493318505299,53,2524.1437712179313
2296.671293040342,1.9209673922297743,25,4373.5854087559255
2390.3389473967045,1.2370618121953094,18,3074.390238865949
1616.896984398474,1.9347789280929202,18,3067.764448125248
2063.078203100101,1.9268074237438864,26,3910.852132106161
1663.3223767371505,1.2459065779458802,21,2098.061755694698
1420.6509994657288,1.7644446403156726,24,2553.320567537683
2158.3786538361414,1.6522077668816075,55,3607.7136749467413
1720.0171508224678,1.352837552854543,25,2397.451250429484
1783.463894171898,1.333541043909638,69,2398.5633477530814
1988.3171135536059,1.8959332134603208,31,3860.886523197099
2231.0484552361904,1.7109234739531596,36,3797.6382095204235
2028.9818435911488,2.0846992214248794,35,4378.216382233868
2272.6506554473954,2.08402299955951,21,4714.281466020033
1673.5420348156358,2.09340029411784,26,3694.055272988496
2198.0468339125637,1.3067539665291892,65,2848.717073024703
1585.6359443059523,2.0444305232675664,61,3043.526342216533
2352.7916569719446,1.4201126481185065,21,3228.8511431898146
2087.4882763878154,1.612391033782751,62,3483.362355607091
1615.5076771135584,1.8816659002395535,29,3103.2494459024565
2347.3705904889243,1.3832588388695088,67,3227.4093420079516
2130.855806770158,1.709680444998897,68,3608.287826913337
1653.9416425950258,1.3672350734033962,28,2096.8589604552685
1613.311977367482,1.294262496013164,61,2158.7835800915923
1918.2007139306634,1.3049027511866387,33,2522.483714755326
1425.6627180545315,1.521875131363397,45,2265.958439806094
1607.4700754411094,1.204189353153465,56,1832.3619102719526
1824.6854687515063,1.5823685290815206,53,2922.281370976184
1774.1699803342256,1.7977773945730342,36,3160.8536811295703
1863.5754243648107,1.5615193665035898,53,2826.1416613994925
1677.628706294732,1.2772151404678516,39,2227.9473473658527
1986.7843464581688,1.2564199758212764,46,2406.9862770064956
2263.8556059232315,1.4503048614883756,51,3338.6356483837226
1517.531855962033,1.3523814214892407,43,2008.5172405024446
1917.379107154114,2.068585475896173,28,4039.9963907085285
1532.0681063451534,1.3361072024766765,19,1927.0088748153016
2116.8596811925936,1.924916193664497,39,4105.623928654178
1796.0597028072937,1.7274971475670302,43,2980.125214702304
1965.421311858509,1.712358227985865,28,3644.0488912486185
1583.2798362140786,1.6608726443314061,59,2644.4628449747556
1544.8477593433772,2.074586768502556,31,3270.6078016560605
1888.0562806489545,1.527460297582474,69,2866.36664786333
1755.6127378499557,1.9091241758584887,20,3410.58178207905
2340.431945252813,1.6997646967202638,36,3950.836890732347
2165.3252538069655,1.5560703008631536,38,3297.165588844482
2148.6636198505475,2.059919339975203,25,4559.660673699332
2303.7197397459336,1.7384843724282184,58,4111.5531917311255
1483.4224354420185,1.3070252479314122,39,1927.0346800963707
1952.1924699224064,1.575785280897171,55,3040.190795782636
1984.4760689557688,1.9034235549134468,64,3743.984957207989
2361.9363785472287,1.8243723209152924,37,4341.984467142986
1692.147526792549,2.0247062968529166,44,3430.708548562959
1640.8287799154468,1.4334396457273682,24,2594.341749054676
1500.293942265498,1.8823743447184413,18,2823.8499624923656
1416.4296295914742,1.6138876866550689,26,2433.780070681749
2329.5293167921905,1.7162487722701338,39,4095.9501214129273
2069.91654659091,2.0595420129056548,65,4342.1385247640765
2185.152912023138,2.0813576879902596,55,4584.698777117479
1681.7301057539491,1.9754318675330071,21,3384.9807908153775
1986.4101661863267,1.5231873789572665,64,3016.255825530864
1463.9552661209812,1.998930752154588,58,2853.6000424804183
1885.6275959346228,1.7747482598772717,59,3436.160350266959
2377.4951397444465,1.5869971024236418,46,3697.4362878331085
2276.505245316591,1.2321684142504352,54,2647.9273658906113
1738.1589518368455,1.893115311772424,57,3278.1587103040474
2361.5701545414986,1.6518950226517017,19,3821.228372129002
1631.7016264712045,1.9075696495185548,69,3175.5659513490086
2349.3188224156816,1.8732205194089429,63,4414.627019760441
2341.3777047064987,1.9142106312435168,23,4420.685684693627
2199.2025873523917,1.4705860428270903,45,3341.383235558624
2030.4479368667912,1.920718739160868,49,4102.529304748432
2274.287966624947,1.6939616956195507,58,3947.5769826048213
1693.0202845077968,1.625993580404229,27,2885.3823023160526
2248.9435553129183,1.8076133224386814,25,4072.01558490453
2017.8766919175237,1.2192228146445134,53,2598.6189988686315
1413.2368577588995,1.2920851342988349,65,1666.893455885469
1747.2335179322195,1.4629596286507698,23,2585.327791183425
1548.140860948165,2.0846910989620557,59,3185.2264319731617
2381.8293898182533,1.3257712009784595,46,3193.3460115717785
1878.3703070399881,1.4975366706832893,39,2761.2085151251595
1897.3913654986627,1.2459477582227312,29,2539.6569912682626
2039.4725163987237,1.4981419922634536,21,3013.9036449454475
1768.5846061296174,1.4882936578597485,36,2654.6061449089925
1536.900271685599,2.05212645385007,53,3188.193316276167
2222.1177331942454,1.9606386782961485,64,4150.094174522047
1589.847911902758,1.5444877973184943,59,2526.7348062084975
1911.318982546456,1.2222921522353238,35,2435.057074751576
1624.3170289747393,1.9479280025958405,65,3179.0244085249783
1497.844484494034,1.7944825594300862,45,2597.7122231720605
2262.1915174216833,1.3371280352861787,65,3069.9350909347586
2372.91948902313,2.0964641439091687,27,5018.266644356457
2360.834658063,1.2902100936817107,37,3084.2947297703968
2306.555499221179,1.9804030874342966,25,4526.084164553821
2174.047332698639,1.46483954771672,25,3257.235106888335
1733.1451520286419,1.5918181196926413,55,2686.1950777196193
1481.1013899879968,1.9159108740986832,61,2864.5797923589853
1807.2411714138073,1.8097575203946092,62,3263.6919303263253
1632.2341421709427,2.0440779369996354,64,3372.9542553062897
1532.487634757983,1.759026292914345,64,2722.20070709653
1453.4271817868253,1.2880291453311474,52,2181.0124831075896
2125.5943642105785,1.9959243269177553,51,4176.431202398398
1411.427458625031,1.892239972489732,28,2692.062953307908
2170.5807485027763,1.8406834058039898,23,3957.488518389495
1546.946645400375,1.2483601926183618,46,1808.194417821607
1479.5220825867557,1.5566004701955696,64,2141.8605704582224
1489.6030342386055,1.3506922375135852,50,1923.7909365312148
2072.0478073539143,1.939713517567082,37,4077.2869989724036
1645.3672098528448,1.8304757605360766,57,3057.051469976068
1820.5394666800985,1.9947698375872218,48,3760.1999176754566
1957.3687913239169,2.0699175962317478,49,3892.1830077052964
2260.5511738287937,1.8972728527732488,65,4336.105181301699
2127.0442627113284,2.094809774898686,65,4453.712330233811
1670.3279052387147,1.753292897529869,19,2900.3776271309443
1531.4827992911275,1.233416643502303,50,1763.1062937407587
1455.374320421198,1.2128263636352663,58,1755.1113106150945
1701.5986344809426,1.5078934876834098,67,2571.0276841730633
1662.1181492396781,1.9411245471607836,63,3237.98269922992
1856.1405668004795,1.979521235692258,64,3655.942883134698
2083.2813355476806,2.06473127594041,18,4395.326789657725
2095.625445638857,1.2586093216939365,55,2614.7675255811055
1683.5188465821666,1.2401139998888977,39,2280.629365286381
1779.9269559001204,2.0219552367303306,40,3561.963532398655
1581.1509617369031,1.4745420285265753,45,2333.3086916872635
2188.5455123065185,1.7021886605486696,23,3901.223643949301
1456.8480764332403,2.084200394700639,63,3064.3523366525933
2096.9972417249874,1.560403681262331,53,3368.1357882489997
2178.6953959411035,1.799284258478856,63,3905.8764641017046
2177.407561848753,1.5607916072687869,53,3274.2093006706164
1659.4225643453549,1.891375198016502,58,3130.885513504773
1773.8131379325614,1.6749432530155792,21,2955.828143144243
1987.599635196389,1.4137708241877147,46,2693.5981415604642
1672.821902424467,1.4441754911326197,45,2498.9074446573495
1770.8527992178888,1.4322532912845665,27,2483.3580250056343
1597.0542801856395,1.6790882954327047,61,2763.074597126695
1859.8558837560074,1.832870114414098,21,3535.9244077938583
1444.612301254114,2.054351910038828,61,3002.604206557447
2199.795884570618,1.824678637574682,29,4143.580907265673
1476.9564469866327,1.9030735595661517,69,2848.918363847779
1918.835148831526,1.352033504278109,40,2538.3983684871923
1706.8100995451962,1.536656362506593,60,2484.878541480577
1977.5429488313755,1.5724021978724394,60,3099.9763707229927
2359.433340833425,1.8177422070004257,22,4322.655494087165
2045.5702444560038,1.4663027787391862,47,2944.388252927123
1435.3624357554909,1.4729627292776994,62,2030.6551639484069
1830.4024395080612,1.5203002391767813,20,2789.6355553545686
1910.0168523182501,1.9292718733889092,48,3666.325555326678
1936.1774947034519,1.7198310810390138,23,3322.2870554705114
2081.3925106038378,1.267749551849461,65,2522.3225482472794
1677.5960977317661,1.2704214897214219,30,2210.7574639920454
1528.8605654663202,1.5341582498542494,35,2330.458955810501
1792.6756765470943,1.8899319455455426,33,3443.0082118731975
2356.405722795949,1.8198150838308125,59,4334.1298505678305
1587.1308917508447,1.837184119186068,42,2927.1917714842925
2303.983954928237,1.8904890594486874,39,4429.319036260122
1943.8059500773263,1.4584374415976964,58,2957.394876924659
1856.9114216457658,1.6934306537478792,21,3125.4812204302702
2282.0414102298896,1.6890173762850926,64,3683.374817455401
1858.6039617685858,1.8656692510619544,66,3414.7430278995466
2124.1676366115435,2.0611835121950817,49,4152.29573993873
1799.025321703102,1.4501909503159194,24,2596.261359330447
2304.044392900958,1.9139535054813435,69,4413.514224516926
2090.025020191227,1.7939734936709362,51,4020.7646508774546
2099.6220542505166,1.7222140837771143,65,3558.189829795061
1727.720401557119,1.8973918014126618,29,3282.3943091560022
2156.778642736889,2.0496292197852894,57,4346.005532006667
2036.0610554471414,1.2330222760824716,26,2395.006879485406
1640.0202733797096,1.3326600922618985,21,2207.02485099157
1560.5388224852563,1.8806585083510043,61,2848.2658695192604
2196.3914745173315,1.275412217619076,57,2776.06815290573
2359.1666030352226,1.6645113306669836,59,3903.336122708655
1858.138827260043,1.3978746989774462,43,2316.520915538362
1990.984165323685,1.4468661334584763,63,2824.6660806646
2257.7226441935545,1.8316564346499746,24,4163.1936196672195
1857.2234533538572,1.2271734959418403,25,2287.2490278588007
2351.874476832736,1.9859874851117132,58,4669.76751775337
1975.7511620448724,1.600031059817043,47,3103.2063071185157
2220.767120701315,1.652153964516391,23,3617.1143706848916
2308.8437184127383,1.6860431673243228,56,4000.4938894993325
2215.523818768569,1.7809898651215446,21,3853.009611824039
1559.414463448956,1.5103709279604733,25,2333.3112466161965
2028.8984390617004,1.2909967415071422,68,2554.49124469499
1798.4342586196772,1.486541042999559,61,2677.499301461656
1462.7129520233457,1.3513279062205383,41,2081.3326050522023
1824.032251889842,1.7005198615054264,42,2978.0595779129144
1658.6840668894076,1.4862257678643478,68,2380.981940092847
2249.038308428511,2.0622604601940915,47,4728.719836928946
1433.3046265466962,2.0691608501822527,69,3121.763760398283
2358.9827218634737,1.7581132925114173,35,4413.00189837849
1755.3688484719296,1.7557475409005574,61,3011.502190173246
1756.706890402543,2.0868407081103957,51,3813.54204454578
1416.328502683708,1.9985548361116674,66,2753.5567759253645
1585.232325236184,1.888562954242326,32,2958.7520760312577
1801.2595008036087,1.4822315505684311,60,2482.5329796740853
2329.291417302714,1.5289851253062687,60,3499.763234200933
1499.6149302212714,1.381140089184779,34,2024.997673138236
2345.30153347908,1.638433314225637,65,3800.9571475586304
2269.4885305466323,2.091331669925622,19,4854.52208816362
1854.1623969075517,2.02093585771043,60,3683.9446809792807
1726.70088176826,1.3065144906175221,18,2350.829048843608
1632.7441292790568,1.2226712603614556,69,1976.6292891424291
2014.4647064768742,2.0087739015674395,33,4028.0222392766
1433.0745914755057,1.6834531151538368,34,2471.05748568638
1415.6060644468282,1.3801708993876105,26,1741.3727665890344
1828.7957224982379,1.806287942626172,59,3288.0423564808016
1468.0740739747202,1.779800860136838,38,2590.616244001077
1651.940988246093,1.3098770461528204,61,2074.5459120907417
1621.1609153460838,1.4336402101478576,43,2288.118255753797
1653.191193722852,1.2540701678819322,18,2096.8659329573525
1531.0552312152577,1.3888744264831276,67,2198.311763861604
1412.0362228976542,1.3190751073677567,57,1843.6180732396433
1515.4842971387482,1.3739126632271004,20,2103.0693912183115
2018.480259512748,1.8169204313218055,24,3561.5670011920356
2374.2562128180502,1.244549769834961,21,2831.848011106547
2390.345001560894,1.2916691537233949,48,3100.5222841844247
1809.0540953730615,1.3207562742704588,31,2423.532960736852
1562.9544260466055,1.4848870088623207,38,2298.288645797607
2038.7617573665293,1.4688752797667468,29,2803.6614944295075
1890.3053465487371,1.4295574067849754,29,2834.5590862365075
2389.4097772844316,1.8754829880891748,23,4540.438812360394
1465.3042071517802,2.0982205089822905,66,3121.405557738697
2183.2344383138134,1.6805801312659163,34,3644.9437326336415
1688.398497331494,2.049782446122548,31,3264.965010435656
1641.418620076574,1.5569491009134582,26,2674.914059056313
2062.504571532676,1.2960142021224421,45,2778.8459963741407
1646.0631849909644,1.5678964465228535,24,2524.812964399675
2065.859117559188,1.466514996073224,62,3002.140432295835
1917.3085172022888,1.6440662660602603,60,2990.960570617608
1824.0889884358494,1.791339309224781,22,3154.5112408101622
1954.687808661419,1.6149451972371673,58,3136.2666059306616
1687.0515199196298,2.0416444608700433,59,3365.7991294481153
2106.574706272979,1.996288340069442,33,4128.668080048089
1814.856869333564,1.8317798356495776,18,3440.722403771103
1760.5455604858923,1.6407164211280942,57,2791.716397847246
2228.656914555738,1.318518553633011,55,2917.1672217928
2324.9669119531923,1.55731230009987,24,3649.725059129742
1446.0073108872969,1.8339613854610564,69,2786.304508335689
1632.6269928297654,1.456396968498358,47,2119.508290149576
1748.5193694925633,1.2935892697890783,65,2109.0266205651897
2214.9664793702473,2.017108611759565,43,4390.77782784462
2385.4914276432974,1.8381457288339902,30,4293.766522234209
2368.9717046703518,1.7537487839715875,18,4180.420729958704
2304.9483455499267,1.913249015048025,68,4412.127318320286
1696.55626506403,1.9520814338251282,67,3285.282976219485
2392.011243414474,1.635113098353921,46,3707.012314713323
1649.4200410564513,1.993069426268496,25,3296.8320737005606
1505.9061548822322,2.024777109630995,19,3152.7708413612945
2350.9526110553943,1.4443959858823032,62,3223.631402614482
1633.4202554680962,1.746790823811715,66,2968.7633463026123
2089.7682650777506,1.6739256259384223,68,3700.0768152665814
1458.3563589805888,1.6841512012367121,25,2190.4469693157102
2130.7090991274763,2.0438967845681058,58,4404.574493846273
2281.7202123338398,1.4746698324237262,44,3399.6986101165844
1672.4368954659626,2.085090580411119,58,3426.524670292523
1779.0568960774285,2.0119180933238088,66,3777.3155408476737
1774.296183320916,1.6128505997521523,64,2817.805751582234
2148.788257540133,1.9357079372563497,40,4214.03300555374
1637.8072425390387,1.8921422948881266,32,2966.096694778123
1571.853099047643,1.8101054726566692,49,2751.896222991745
1849.291648687738,1.4878505004448388,39,2908.642003569364
1704.4684073773196,1.3768058926388584,25,2299.753256060612
2239.1891222586523,1.8043749270891825,54,3837.3263504851457
1637.7418260156387,1.9586759667609759,34,3362.8116252027676
1902.3894574892615,1.2146275098096326,24,2340.698274037218
2342.5835996979304,1.7785230377776609,60,4069.0687951843065
2033.9976977446609,1.5985857221599913,38,3365.8195385496856
2267.289405462465,2.0082789796142855,56,4462.99882628266
2340.2096893547673,1.4893256377687847,22,3379.478073993476
2150.764861886352,1.6267663310372595,34,3517.343532206535
2099.5750602247513,1.6632903936316676,52,3374.029105039441
2367.965566604227,1.3263955692339477,65,3090.930989583943
2394.4007896476796,1.8416030724290158,65,4417.72156561041
1851.8216826697596,1.9474287106088637,32,3648.6616386855885
1470.8697781842084,1.2521183492066341,65,2085.6992622675707
1692.794031440519,1.4622499384832124,57,2411.2019614953765
1552.3547056877305,1.234240213381552,33,2085.990904915107
1817.486374796012,2.0608896942194184,42,3625.6190772637033
1531.289328473256,1.8004519386334412,32,2847.116015135089
2004.117804020882,2.0677803775093033,28,4149.014771208761
1782.8080591578541,1.678344850498177,22,2966.535144025243
2295.38588428821,1.9218616715060526,38,4349.210896910949
2367.794671798502,1.536972585491766,59,3467.9844813250525
1946.884901669422,1.5184371293153769,58,2971.8491613122906
1674.8235698675967,1.5404410353946194,29,2555.4538266727513
1992.2304187618367,1.7920759203537853,47,3600.410627856428
2296.76115822441,1.523507835919487,21,3606.0984813093037
1806.7333458357482,2.010330706443803,62,3787.3556487636333
1952.0782766919708,2.08494737854514,44,3974.0335965270174
1671.652767606146,1.2273838638033052,45,2121.459293301225
1855.444149450027,1.3742609613622467,20,2720.220111443121
1801.7135353795986,1.3010249933286473,20,2421.7703388689306
1648.413465082971,1.2381276423822989,41,2109.525285119696
1905.8663838253083,1.4049668940125577,63,2628.568546531402
1710.3808259798116,1.6021139883321731,46,2753.2353940446105
1773.0348638807475,1.9532913287598155,36,3760.7597457919205
1924.9704422542643,1.3996416274589965,65,2666.4687572437374
2150.5950229289874,1.6445507300959812,19,3568.9028240193984
1733.5074657912753,2.036656865502079,22,3494.964229290937
2324.1587666207633,1.8004932361080075,54,4158.977565808176
2262.3185468359025,1.9182711177803977,35,4272.965156029043
1448.6902959755284,1.6958945731669377,42,2408.7460122859948
1653.6425242568228,2.082419812956567,43,3402.982398369872
1846.135512659202,1.7297959392133269,61,3170.2314972925537
1504.6278887424742,1.2409596425663323,30,2060.3325631263174
1748.4759890334972,1.3781845199458154,52,2391.0857754196422
2140.0975256176825,1.5642962660614332,39,3371.291436321514
2080.514481142826,1.7411494553163989,68,3661.4725508757406
2022.3844285660048,1.894737780668064,27,3840.6760405586847
2110.5284027223456,1.5717775133134977,54,3219.458514182396
1604.9236869597019,1.83905247451412,61,2965.0908688985046
1741.6981148647321,1.9108825527982125,59,3249.846942788047
2076.242482277463,1.4855341775249844,24,3062.9418888956548
2279.234763031327,2.081343216032237,35,4745.098498245125
1943.6780538280952,1.7846908457122521,49,3540.586679980509
1682.6996509455366,1.992898254707518,68,3482.1679714239062
1430.2352580059826,1.7003439199277461,65,2514.0395727328587
2110.3368289742134,1.8674427964370914,62,3931.8659587749194
1407.8841035084404,1.893489655454729,24,2482.008146098494
1772.6790698209957,2.0174235413111212,68,3352.2799415349464
1930.5372145627819,1.3353147811842332,34,2624.8903861975
2322.111461767193,1.7024550817523236,48,3857.1230656826174
1489.4945450329,1.5855406617952705,46,2310.044133374464
1805.9423219682837,2.0308431190563665,29,3577.7144494704507
1424.3131997101577,1.2945852248240992,50,1737.0048939973603
1742.6109843415902,2.0843164998128216,56,3741.9357815810395
2022.231058839795,1.9879061916839667,43,4050.89364519116
1679.0679482285984,1.2664436534078236,56,2133.1071619772138
1609.7499496556352,1.641869746986427,47,2631.5798299591065
1515.7032333270936,1.8458035501912735,20,2748.371516249052
1977.140244020342,1.8643363911219508,37,3705.631665558981
2095.270005904686,2.015844712714129,30,4310.818479269026
2071.9571405958222,1.91987889202408,36,3929.8278441604284
2348.8610207205074,1.4798373423096804,18,3579.4457529382053
1402.7032138935026,1.6485913072762073,59,2247.804580741618
2047.196653894036,1.8316071866422687,40,3675.306425836978
2000.3922370976395,1.3245931572279162,35,2774.1676421414
1988.7396099702883,1.3745917178401776,60,2835.8344190260623
2362.7703198402423,1.6329382032988855,22,3868.574410242363
1416.8716733700396,1.4684212188349615,22,2130.2719006229436
2096.48243070145,1.9763033248056856,36,4039.97239291472
2213.6786497018634,1.7276495893685562,23,3808.048940698814
1909.8071966215841,1.513798677946531,32,2848.70530546779
1733.9648695968092,1.963949723043969,28,3496.568880968669
2190.840163227405,1.924390603698815,68,4274.581848608971
1497.2429256324247,2.0985193893893426,47,3323.504980124348
1842.0356377299254,1.9625769195003615,37,3663.1270088132333
1919.9523745708382,1.5730108813251118,52,2865.3921400801064
2093.9564109345474,1.3147489935929897,21,2713.3019208711803
1490.8857320324096,1.95657681738043,26,2965.021962158541
1627.759501537861,1.2537821261643545,44,1975.3057749005961
1810.3015626901256,1.5152440866103687,36,2717.5172193236717
2023.2946730201306,2.0277641826941464,22,4077.025715630749
2286.9607812174177,2.0646898261005906,25,4739.747784214485
2018.8261682413765,1.7765081341690965,60,3588.7769907271754
1533.4614709349344,1.8197834852853423,47,2878.4602441337115
2380.5801327872823,1.2382090398529702,53,2917.949641423472
2271.7857347554927,1.6630323069805932,33,3762.3874278089297
1902.720761145324,1.692181360925707,64,3179.203644863689
2322.347981796633,1.5060906715117,63,3617.2901464820525
1941.3807937571357,1.2617371512784958,21,2483.9331750951596
2323.3060678891634,1.4060168397519546,21,3326.6667280657884
2229.8973686033432,1.5221855431750768,24,3402.8550231741156
2368.286410294297,1.5916277878646967,20,3756.3839676398243
2319.7828107781584,1.7318340529802123,55,3906.1670263159344
1436.0338174285694,1.8501523668284128,42,2724.8002611335305
1574.77200416094,1.4858686859465515,53,2251.851432914912
1789.1346771011858,1.496058383927085,21,2636.3327860989157
2352.142697295421,1.2177224784513334,25,2879.4091565432736
1700.0289194759296,1.2367873740846165,45,2132.150036654011
1560.467643887601,1.4320395248776827,68,2304.9678508882885
2286.30466608656,1.866220497907461,20,4054.8822271023337
1846.394415483203,1.7654824473365212,66,3437.4917602479486
2307.875594354326,1.8928101186100514,25,4280.300855042079
1560.2304663201433,1.8920274925933396,28,2855.3895015634353
2061.1175115080996,1.970910720902371,63,3960.3387914631107
1840.2637528294918,1.8482873393881953,66,3272.9568452472345
1476.4867690302854,2.0811098271007404,23,3109.018494055982
2096.4631446525004,2.0089426973716358,58,4035.0672292218555
1647.3987555391536,1.728045449600911,40,2735.4930872561436
1439.6155225795178,1.7293419034420547,61,2601.68853099742
1459.9442982495732,1.2308403363170064,19,1695.4842248769112
1461.0785370667872,2.098673919937519,24,3188.4595282738865
2307.7329574850396,1.3184183976295276,46,3112.05119617881
2139.883917829101,1.866312476968433,23,3863.4040276662763
2298.062357213735,1.9389136756118779,58,4569.236981896223
2072.5823112965213,1.5357490763746828,28,3146.5763398201684
1928.9399290308831,1.3771668491987823,25,2685.282711079905
1704.4463643473782,1.2888838981114994,47,2234.9890076815414
2397.9622513286736,1.87374540524662,54,4493.79967351529
1762.1890589393893,1.607388176285126,36,2769.1134882553897
1870.6489492139094,1.8423459831010223,65,3484.7475694729665
1778.2451749234617,2.0238668839666207,20,3727.254276737051
2379.5269293354586,1.331925362535951,59,3287.807757417094
1574.6583853950058,2.0272539006514196,47,3137.837067577533
1727.9880009080796,1.570463813557593,50,2800.9228621539887
2080.3486660150015,1.4747403089075601,67,3082.1311797002827
1463.2076183386307,2.0487560345425013,43,2983.3343057076318
2007.249374011541,2.0915865233457596,54,4107.930382144347
1877.646502876416,1.3790029959907033,37,2388.0843086131545
1683.9999767621011,1.7911545122567851,50,3011.2279230056483
1638.413280924058,1.2958457823939542,45,2179.364511791711
1914.5127432987567,1.7858226034717553,44,3442.7124919591342
1767.9275805370412,1.9445819049982647,46,3376.218088583371
1856.5198912626554,1.8160486918716607,63,3344.426798222573
1737.47738176424,1.5755998278563361,41,2917.135342656018
2370.4936935959777,1.5447597236073927,36,3581.105044939468
1533.439431745604,1.5538101737010754,23,2540.409423108833
1496.8039531783743,1.7307406361936308,19,2611.1059589005126
1743.3917287909162,1.993410543065246,39,3505.687156403858
1991.0269008704913,2.036159541541891,52,4031.5141090562024
2059.176471850028,1.2481766581865863,19,2391.637764359891
1797.256747168042,1.3634601551811194,47,2477.6699510993835
2399.277993922171,1.3010018842454596,63,3298.1989021508325
1751.8929961930426,1.3740011766902225,52,2529.6201100879284
2121.4066679599523,1.5119470295482547,32,3214.586452033168
2037.5826945307929,1.6558785143603614,60,3423.990590532502
2213.053863247461,1.766515104308237,48,3926.7275576413
2376.22566345382,1.8589279972257313,27,4367.6343824317255
2289.7936564455404,2.0011003872472264,45,4553.803689029036
2164.5619743577086,2.0901795935068117,25,4474.690024991753
2098.2484778182907,1.7965708307014079,30,3719.4035588550933
1735.4981696758996,1.9608280668009868,47,3466.711733250481
1547.6855782067073,1.9002349622322292,54,3230.5793013016983
1462.6360030598098,1.4767788352968407,56,2029.5844165129968
1641.9017042014848,1.9881230432114307,46,3305.316010462914
1832.2814811812987,1.238486824153019,67,2264.167326371834
1921.9962736299826,1.200330609376312,39,2290.3189266737127
2173.0835540548715,1.4463593664496177,41,3228.0872606782036
2358.7409230565927,1.6158877766647048,55,3916.1198788313336
1517.320480384811,1.7745266055006095,38,2677.6771236094396
1507.0041401937915,1.2915932398900902,31,1988.1639215264443
1989.6947230135506,1.805709120451356,63,3728.6369330533707
2145.3980739472927,1.9216342803537252,58,4092.9613091417623
2248.150380346985,1.3667816276214302,68,3163.836896597399
2335.8320802167887,1.5736127293486144,59,3629.4269038575803
2383.426242260642,1.6679864909579787,19,3869.758031860888
1799.8016922245258,1.6066263162760326,26,3030.368909655084
1780.335183527573,1.9198469377996237,57,3415.416411983541
1547.8086766972724,2.064470158307398,62,3170.2460690079342
2084.934438683559,1.919057847607362,27,3852.244365346455
2056.761958440837,1.2701935360882421,67,2570.297653588872
2262.0625958512073,1.9244420149432147,35,4449.590720412376
1497.2579947876407,1.259936699011996,67,1771.4079625090617
1897.7769078253418,1.412373346717413,43,2760.306580970805
1981.081929672063,1.3377872071521506,41,2563.9358729411947
1641.5570400399183,1.3777671961614768,58,2179.224589252124
1569.0254061291612,1.6754836143516156,69,2622.8749703871663
2259.5808364196214,1.8045208718497683,28,4210.855998973686
1458.5349222355587,1.6232891541024368,44,2324.8542796559495
1870.6209039180728,2.0637260751263193,31,3861.241410602358
1515.8340013008853,1.41626308802715,49,2037.4472167738675
1857.0587613313674,1.8868262072293138,39,3380.1986094084796
2379.962326342309,1.9831639606564337,51,4737.786785630786
1823.7063534554727,1.705859499679247,63,3166.4669961021314
2257.1249175045673,1.610600251765398,19,3642.4695716368474
1517.3155641831938,1.7365660021013194,50,2586.2847530354093
1671.2520767618641,1.5859287931443087,61,2750.790003800409
1803.7927406673346,1.6996744940910324,24,3150.8214907720862
1799.8121400093307,1.5752405569159214,52,2946.1435171086246
2071.383478670153,1.5604227392647205,48,3221.1437426450016
1744.7181273755077,1.8258118213255767,64,3352.2393487511417
2113.7668684100163,1.283566091761171,44,2691.9802646184553
2039.1868992253926,1.3498878654559388,56,2822.316786853847
1799.1611452547731,1.9660786245435036,54,3544.193954356928
1831.7601276543191,1.8939696121336693,35,3527.874577650143
2014.5276998103209,1.4533083545649543,66,2909.9910278803923
1470.0421901446446,1.5395420393991843,30,2210.1894515698414
2222.4067383556903,2.0334238559656326,65,4596.202393692704
2053.421161113637,1.9362695026564753,57,3965.901019157254
2126.3424644178353,1.7529116699816678,66,3829.7965907932216
1936.9230010823903,1.399341160922662,66,2597.741916546017
1510.4771109917447,1.2398267741837425,43,1925.7582329217935
1805.03561329695,1.5881320621577084,18,2734.8668260135382
1805.373582848556,1.8053644253317156,56,3289.792454206784
1721.0429900432168,1.9456324414660666,48,3302.259650686399
1429.9503249047493,1.9674201051680424,59,2859.813666966533
2137.2542425964775,1.229498311164027,65,2752.115579905039
1509.7844580625008,1.4197413304531914,54,2334.472686767449
2006.308133045085,1.5051851296296628,56,2873.8064176049174
2103.217496467216,1.3698589898634472,46,2875.5309641116883
2034.7863229336947,1.922677840527454,60,3932.0497992107253
2359.142251977975,1.8907191867764483,41,4462.0975461106
1503.2981550851387,1.6651497363428738,33,2552.2959197798377
2267.167159105199,2.08463383019627,56,4743.85368830928
1429.1902348489132,1.329652686981758,56,1835.1233131879449
1934.916854927084,2.009686532994902,40,3632.7310540138487
1804.243617939259,1.3048169287457245,66,2487.896318424649
1924.183860393758,1.3468635349627087,25,2535.727184484529
1765.09987706001,1.826597280225557,55,3241.7627186211603
1590.566914940068,1.2986127228375204,68,2198.6745787243294
1419.1228974486899,1.70926058587684,20,2589.435826350881
1918.1498137911744,1.5782101828253883,31,3099.294748352763
2242.7768626848424,1.8556265689869134,38,4206.93854439726
1773.2159557447942,2.010607714927979,64,3486.5102395977656
1622.8638180149803,1.89288436320215,47,3005.455438303345
1480.532003471844,1.9647208887790697,50,2833.970390192133
1485.3109231187034,1.2296509036781091,37,1885.2102645442383
1621.3964462927722,1.4791759484197828,62,2609.6904882719496
1500.0140609215553,1.663889778017699,62,2531.658490481346
1665.039698364482,1.5743579831668015,40,2582.0473155159852
1466.1494621169547,1.4081294576817196,40,1950.9924245914742
1465.6048672099257,1.477086688164021,62,2093.41064600919
2256.276179622782,2.0508878733524454,55,4727.097799613473
1562.1202607088333,1.4647627918842163,52,2175.893015577059
1959.6824058234479,1.5185136991618071,56,2916.7006043233537
2173.4555444490306,1.2033387963750168,39,2536.475011035245
1856.4095653390666,1.960569864550087,46,3717.951666381787
1553.3688778593457,1.3393566330614188,66,2073.493266096378
1599.5961421201143,1.3837298479623534,52,2036.981660365538
1832.9842062811808,1.429738065382823,19,2561.930360682258
1928.2340891785357,1.9961598511603584,63,3782.084564357807
1749.440292048535,1.3858062701216833,64,2516.0209199370547
2181.479600234661,1.9177737247811462,35,4077.092932258643
2151.0216488563983,1.927244406290614,52,4040.922133325577
2327.211807373118,2.0343185119077565,61,4544.864146172135
1428.9525490269605,1.3040051822402825,31,1955.041757875981
2295.6912912102034,1.395551075104048,35,3265.541191875516
1792.5687884621511,1.8686084628726491,49,3274.3682723549614
2278.3724953799942,1.376400678852665,39,3081.4227573746593
2090.7847761565295,1.457696592186104,52,2888.481058746913
2387.348757073968,1.3500674221002265,63,3184.55127985673
2159.282451716668,1.3554270175395444,19,2878.6070134527945
1764.5446259967866,1.6333980191653852,23,2926.385283549562
1901.063172834752,1.2987147559016627,65,2365.898079693012
1776.3891551943511,1.48952785661726,68,2587.802684491222
1764.911836021238,1.583934518638991,56,2803.6292802387466
1660.9044993810598,1.2220933048715799,49,1984.6040108828388
1895.9702953734695,1.5494998498270074,46,2998.9379996991393
2081.739945069361,1.2847101924769653,56,2728.3122595012696
1677.3402713052435,1.6442206780315591,68,2865.2000477918805
1924.37981107722,1.9431643697013867,66,3816.3242683605713
1517.3802941705571,1.9365799459636084,22,2839.785957654832
1559.8452868541913,1.2724036639836604,55,1970.3049146505
1446.8063547121887,1.741104981907068,25,2563.6749396787377
2370.731442770633,1.951127743774113,21,4458.095520958472
1403.8603515102611,1.4141752886411718,39,2005.7905709123334
1578.5799680576563,1.8857338603046392,39,3025.717042582294
2012.8667531169922,2.001687911805084,44,4014.0495196719817
1481.3695988533052,1.9255117362963998,20,2718.3169384294583
2281.8965030968325,1.296570928363954,46,2938.9936669364793
2119.6201578422883,1.2081539995701465,65,2663.6478329512806
2366.3899714378936,1.3725516989296611,50,3337.2664549182223
1907.635547240765,1.443429606851961,55,2823.8768247406815
1700.4036831584872,1.7545646915543636,51,2912.578250985688
1949.5005727952714,1.5458458577180867,53,2825.0317800366847
2330.8187172979733,1.833066327595326,50,4285.3667620399665
1920.7614372418607,1.5177674644694477,57,2910.8649710160585
1667.2070318623187,1.3389828821891403,35,2002.692331332557
2277.39878917412,1.4814208591374316,27,3272.3325019404156
1771.9187485124612,1.9958918037502216,53,3551.6000216132206
1401.3833499989992,2.0626791098205586,62,2924.1569037459176
1647.685022492316,1.3867614606606316,40,2339.336163463436
1718.2335091770624,1.9096215483219972,23,3300.9900923822697
2258.7774682319023,1.4460138628858836,40,3216.82626025895
1858.503167066445,1.998418389088267,27,3735.571611982419
1844.5872878113007,1.34899105151663,19,2515.447757535558
1736.1022663998874,1.7993639268246513,61,3183.8498865619254
2280.6781230470797,1.2757901382418642,23,2939.248504067301
2345.0267769403913,2.076503991576483,60,4889.942079125538
2391.8903291546294,1.8305700101764886,22,4354.4240153414585
1776.7412669609866,1.9576341654645768,25,3416.5170720904152
2366.1474456271712,1.710002405426731,37,4160.40559275379
2191.879569630901,1.629121227535974,68,3588.3325175288223
2075.689147644267,1.7596941522549288,69,3859.6390092391
1644.8894794200994,1.6758673605295034,56,2912.960178224332
1616.4572609442098,1.6224459196306378,31,2807.0304751015215
1566.0478245212457,1.8835052263118786,29,3030.942306642397
2322.7566102253654,1.3603808594453413,41,3253.746234993747
1694.076662383166,1.3540548433396427,56,2406.993140167959
1853.0942454488784,1.5886583855847356,29,2934.7876418351498
1893.9578339872235,1.4886731244404514,58,2937.094097401305
2178.1715954502542,1.2667120661217217,49,2626.8258630735977
2244.2349615530243,1.960023443176861,21,4480.303420894684
1539.0727011486129,1.894442526024915,20,2951.3528024321768
1826.9043602110737,1.6895293498226862,25,3203.0847007186258
2242.8548878354572,2.0813920835379323,20,4738.939107409474
2218.0333057558382,1.2653400598928448,43,2757.3390060276492
1502.4137584524165,1.8900023709250875,64,2813.8024848643217
1556.383348867963,1.439733352448187,23,2198.5249370688884
1704.1986915994078,1.5317390279492178,34,2528.3466675783375
1475.3590690833403,1.3973514466827608,68,2026.1019967576588
1824.663002840593,1.9101341023156788,26,3641.8285864433465
1507.617705149582,1.3298160918194093,35,1983.8325729712355
1968.217593669845,1.9560150279617503,68,4015.3544718027856
1646.556939811156,1.7954198834068507,46,2877.4396985040607
1996.4330653496227,1.2531209207422032,32,2550.2458589251096
1517.5256429036376,1.9298835584401381,24,2883.295998616822
2375.8838684185334,1.7649801445466815,31,4246.387803046739
2332.5612038573404,2.0144840876205077,46,4612.128416059279
1791.7969385646659,1.8738500757677745,21,3441.751811597076
1642.1785941260855,1.7050088346867973,62,2741.9365255332896
1650.3982128535727,1.952892462557278,56,3254.3582551310883
1883.393535202392,1.4502452144710998,65,2703.012957225385
1439.992801900717,1.6922550556601073,22,2525.0454199017986
2039.7051060751269,1.464255137823069,18,3103.65125326862
1808.3029083397448,2.071383951981458,29,3754.6777567726044
1777.4065725888872,1.4035766707578057,56,2436.4270957107196
2209.3649714891985,1.2141644157034162,24,2688.211554188846
2109.03546018329,1.4932693578034166,69,3167.7049403266947
2354.333815392692,1.6522584572728243,38,3987.2681931193556
1751.9362404956908,1.2255266408070675,24,2070.379877061641
2297.5427646494054,1.7033234700305167,34,3810.4516070687396
2169.967186250089,1.986854497456107,18,4307.4398721272855
1757.424651594713,1.8342589749750031,21,3246.2734889806857
2021.6654364532578,1.760671490680474,23,3587.531916819074
1688.5699576516956,2.060365575637426,65,3511.106223534852
2274.399917074842,2.0624514004578955,57,4663.36993963138
1512.4273172123112,1.9418398227329057,34,2752.394480506553
1612.434361294041,1.746967662647266,43,2826.2924398340497
1583.033292079921,1.6389881035479361,48,2616.0653689732817
1803.0260024042886,1.2119845019218205,45,2084.442580183301
2145.232960032129,1.7456357156038873,29,3769.9682642544753
1926.9074490521803,2.0901792678211684,58,4110.513572354328
1887.6763235382075,1.9362909450216261,18,3854.1585151481713
1400.5459648969957,1.5065441794959167,51,2005.3721821043894
1825.4017253550546,1.33684232253998,43,2351.814696147555
1463.5537748361585,1.9056527530204388,32,2868.6335361545434
1608.253252121484,1.8695440385685673,66,3059.812034717877
2332.3939389604943,2.070342112781391,52,4797.718779021218
1615.3982043432381,1.9873581257454052,58,3282.1492349894784
2258.3376386342625,1.7000963627451666,68,3928.3548203567457
2202.8933715613343,1.291155822268268,68,2867.572745593571
1559.146236942243,1.635150592545564,61,2754.8990139802404
2005.7119572702788,1.4823255486200853,56,2846.452186543398
1515.6618719050134,1.6611676338223558,37,2356.711036415207
2127.8881583695115,1.471531417175688,60,2998.4072675901853
2037.4622773722067,1.9756406927780361,52,4006.589869514188
2211.9385616910195,1.95989431258454,56,4360.278266537056
1879.3845493891881,1.4839186414503502,39,3023.8918930631417
2314.863087833383,1.7396232117365955,38,3892.8140124821707
1449.3489467884397,1.5871627718751486,44,2440.977551687139
1692.8885650270147,2.018183481325707,53,3383.9201858570195
2115.0525974651673,1.3686248112836905,45,3030.495915178386
1818.109211748001,1.8279555616064633,21,3479.809689950012
1572.9513542711563,2.073337795053495,43,3123.2738556232316
1507.210745428546,1.3577479676067812,25,1934.4491278095848
2217.3391114616215,1.381769785581783,22,2804.65011856598
1873.1429784656443,1.8243510048050051,22,3216.7728282236444
2282.2836719191073,1.9012385320724228,27,4375.964774409097
2133.289134316726,1.6414941493145394,22,3446.2508452417233
1809.7262056307436,1.7487178186324093,51,3099.994110691839
1773.5110141556836,1.391414167930646,67,2416.9338490077907
1915.6383466512516,1.6289528057105935,28,2970.6681218155395
2289.0599531897287,1.3008646927874237,41,2783.417475022412
2137.278579714168,1.4892797327480982,66,3245.178560118546
1405.1529642690232,1.4563017345278588,50,2036.6753428060374
2094.1578513691256,1.6001628240921781,31,3481.1837723878093
2319.5074069058205,2.037113726019327,39,4620.895554338603
2110.4557595044917,1.3631408959330582,46,2745.77403580366
1577.005781567496,1.5612494219622484,41,2550.56755927416
1883.5181274274587,1.7540374971986803,66,3283.6259481455954
1540.3160179234194,2.0519013774666015,23,3212.8317041465234
1758.995278339632,1.3198333723821913,20,2359.503959247507
2337.1170419405175,2.0260889552938024,18,4776.481321496841
2323.3053075587086,1.2729484097706554,27,2911.196672256611
1682.8368521760829,1.632667257444238,25,2671.3133597869387
1739.6310441661992,1.6091308805074345,47,2795.785240159075
2000.2128681312938,1.3886424559894759,39,2792.91544152048
2363.19729526038,1.5127137013042629,34,3489.6062657954803
1547.8013340653904,1.6087487415135584,32,2422.902748460208
1656.916643686669,1.9786903166195664,37,3261.120692844417
2273.5568272907713,2.059557730836204,55,4822.647315888074
1891.8922317083445,1.6670331107734486,44,3123.3264346614715
2298.9610922270317,1.9830898112649797,30,4629.124111800017
1585.5178975231763,1.7473544271091015,33,2680.7207928569765
1932.6685874713608,1.514178607788908,37,2743.9483770391903
1726.2696326493724,1.374774786852122,36,2294.7420359076973
1716.542559892476,1.5718212946044883,60,2881.321447171761
1846.876963946199,1.670541854631463,20,2974.4035507471017
1833.0774491012685,1.2399990494336006,34,2338.330693322669
1757.3468796779543,1.3312570492837656,29,2110.927693362304
2314.9707703156187,1.7401659815832962,53,4050.3577262784374
2131.7441854328927,1.4025014352094458,27,2932.9300462467345
2127.5469913315296,1.9535937384731676,27,4133.170610112501
1689.9134495919554,1.4942480247967715,48,2500.2530989664965
1977.7094243168403,1.2943507865279258,40,2550.2608871817215
2179.1794333018343,1.2751775296997854,60,2869.6875985090724
2195.590368543213,2.0434107184786017,38,4435.733751808391
1744.5304607543123,1.3062182801176911,59,2096.6805089031204
2170.8727565686477,1.326818787745854,37,2715.868099053821
2135.8938968077327,1.9763994521394777,22,4262.998326524426
1541.5064856219003,1.4288593172496096,64,2209.690003349772
2265.9454685664773,1.7993562696789747,33,4091.136008489627
1841.3214701804109,1.9350531183269024,51,3526.910273539353
1886.4104488886655,1.7464625761171728,18,3378.059795719391
1848.3691788979972,2.0617396891030646,65,3840.0901856404844
1967.8460014775076,1.8379946093347572,33,3490.8778814667417
2021.1692473670546,1.3014763589132925,31,2559.5889613463355
1898.1795657629434,1.702569023891292,27,3258.9201291530003
2266.7885432590956,1.8463678734802655,67,4155.672311634409
2027.7347561952843,1.9217615163361006,60,3841.057812152439
1801.42794930552,1.2236892017556824,28,2215.7101572075626
1816.6917569087109,1.8469910237442821,67,3121.206204586704
2210.8386151289515,1.9431127389175047,57,4279.44211666622
1748.19194274652,1.8721504298418208,52,3207.151096770592
1611.4547957824136,1.6611142310900382,57,2673.9394579995064
1459.3831880057892,1.6122188667799227,66,2412.06739320391
2276.0268479205743,1.6944767249698343,62,3938.302936539488
2318.54645119035,1.8341793289439419,62,4193.603363732302
1520.1201821634759,2.030622861569237,60,3214.4327509337604
1734.4737414961148,1.7553316895770126,19,2909.9520513855023
1575.3720695152438,1.9990508756551226,26,3045.5430483908012
1515.8984688258797,1.8311311627011548,18,2716.287985326722
2299.86674300003,1.2615027396949627,29,3013.3476486583704
1456.8772591453555,1.6507453710014597,44,2430.1980129155913
2380.485663469007,1.4578377134837182,48,3565.7505802327937
1496.450860697384,1.4566574353193151,61,2232.452812808729
2263.470649193586,1.5203347960943858,60,3447.4165759164043
1966.5061069891626,1.483259494800428,37,2768.693989982118
1767.9174878178733,1.7207489821053903,39,3082.4415299324864
1742.3423766251578,1.8152413503182014,65,3353.883881248398
2157.364143237709,1.441874448369062,19,3053.0512239570676
1714.5732950042873,1.3167863603115433,36,2180.1301080872317
2057.318916617142,1.2529278488410158,46,2580.1774212047876
1917.32608351608,1.7181775605274971,29,3283.3770318649435
1884.9656451580704,1.367517149699702,67,2674.124635519326
2301.1621706491615,1.2083231948013293,57,2832.6751529149365
1954.6450586202595,2.0349777713913335,27,4099.632640998315
2226.861603048695,1.6834263771749165,42,3759.5254477415333
2125.5735341014893,1.2832033622222754,22,2688.148936871952
1438.5572460589983,1.958629000914737,44,2933.6736253614863
2173.110052505419,2.0848824644611064,61,4548.636529748931
1616.8702500910406,1.6037405958159454,39,2565.0962606189833
2303.1496468515716,1.2382406474143424,32,2775.478800957763
1442.924190608832,1.3057913466804572,47,1909.3628243717599
1733.0720344743188,1.543488371980889,19,2651.6411895545025
1499.732947234754,1.9969703737039894,32,2999.3643770243193
1875.5891170848438,1.333234811349986,18,2617.5239568187344
2220.022435869752,1.941591084602426,33,4342.602386008315
1698.1873596630642,1.2134786341971175,51,2129.0161075189385
1550.9348973110416,1.6116498289072299,50,2642.1056055001604
1730.2670356968993,1.7799574268555114,69,3109.540475832894
2213.880141920636,1.2543415338230368,55,2889.152497904693
1540.383957799347,1.753286475554838,23,2554.792661183326
1627.3624490775019,2.0499637093226006,48,3346.980059733123
1468.851964493374,1.3442339281229356,59,2153.8923789268374
2105.7100439896076,1.8566502447318176,65,3741.8784932538174
1795.2332435363369,1.7481845081491891,68,3283.2259213283337
1710.839977143316,1.3666047499913074,27,2429.2278086597553
2118.626390341152,1.2055830732384294,25,2621.6405482578016
1735.9775423402552,1.2083560054553344,48,2236.2488553736016
2127.771273214418,1.6788831682548258,39,3587.0214845370965
2215.1993953143137,2.048501468605074,48,4417.867364462044
1617.6628434577385,1.7798687647190512,59,2894.8439982744617
2373.818696845983,1.8428698616643695,26,4301.512341116663
1562.3579479126668,1.6444789382284835,19,2419.6917084582306
1690.8409066567426,1.723700048371113,63,2843.3723233285737
1579.7952908335417,1.3137307727975431,39,2018.1501179214906
1745.5056563563344,1.9891385583605676,26,3479.4485368468977
1880.0608878207556,1.8847133658001218,63,3662.337273798131
1922.175869002119,2.0983790575601486,67,4078.1169652843637
2253.606042296272,1.4679506528000592,18,3357.2568818148125
2289.4479088158664,1.404315994616452,45,3176.965483981064
1620.1038607809064,1.3126454921652086,68,1960.4345703425718
2022.8940321857526,2.0677887809544404,66,4397.362085951803
1511.4960572987156,1.9027966661652211,43,3013.0497127313984
1858.9698601820683,1.3496921523476748,47,2634.06930989968
1722.333538046618,1.6974178239973925,25,3078.093572567246
1716.5007454536064,1.572391387260549,44,2731.6261381114523
1882.584241712101,1.3363374070255736,49,2626.653959460139
2129.8276355292674,1.345865686526969,32,2814.4968888700378
1469.1826587923895,2.067122995270667,37,2895.063159016313
2279.1733376874045,1.47446776466195,26,3484.9215663159157
2134.813774630561,2.047295362515549,57,4362.994928765958
1576.4993888890601,1.268049605758576,47,1866.259629674186
2339.1609090873703,1.6147227380638716,41,3595.5318978781947
1906.3122240233886,1.316657143665084,31,2469.3538094572477
2399.8085781169652,1.204308646717055,58,3005.317479040197
1597.2594743007376,1.698389466335469,19,2578.614127730588
1934.9081983832014,1.302504694330227,43,2526.624494468502
1690.2480425599283,1.8498220778403116,42,3087.0408543781487
1704.1735573892465,1.8283047381362096,48,3250.627630271078
1991.0653808339903,1.3586996167180403,59,2640.6149455014192
2321.719066870833,2.047567928938965,34,4811.1375441337605
2205.263855579175,1.8489390675892405,29,4026.1896080378583
2123.941398501326,1.468173237741237,57,3165.209133188871
1959.1737821017023,1.8383103875557116,25,3472.436433186102
2322.2985036674477,1.8587372499133825,56,4338.209337401371
1892.361406690884,1.5080036981258647,39,2715.0495317198297
2273.8321783347183,1.5380297062153132,42,3344.3683923053877
2233.981643876632,1.5231958568879702,55,3388.224074620885
1613.8353468015866,1.7549565991968668,61,2691.444996619647
2171.22546296591,2.0103691318861614,54,4407.150262587971
1412.1711569432587,1.3558739126057289,50,2030.7867468374418
1722.8295375480875,1.9876796488526867,27,3427.3127638500505
1629.5674446919497,1.2248878408548083,67,2032.9243612446453
1906.8629584873133,1.7943047363804001,58,3512.64858734911
2136.8531616807854,1.5729949858707248,34,3563.166985247216
1497.676367447724,1.9121533970092446,53,2822.454353991398
1914.9222019367685,1.8490783016378127,21,3595.7565555609594
2338.4120216943857,1.6320970264306656,57,3874.971217965332
1628.6465509829454,1.779477633050337,55,2711.751473072413
2077.141144111424,1.6515958176299508,21,3477.440088230697
